Date,City,Petrol_Price_per_Litre,Diesel_Price_per_Litre,State_Tax_%,Crude_Oil_USD,USD_INR_Rate,Transport_Cost,Demand_Level
2020-01-01,Jaipur,72.4,64.2,18,99.24,74.17,4,Medium
2020-01-02,Delhi,72.5,63.8,25,99.24,74.17,2,High
2020-01-03,Bhopal,72.9,64.5,22,99.24,74.17,1,Medium
2020-01-04,Bhopal,74.2,64.6,22,99.24,74.17,5,Low
2020-01-05,Mumbai,73.5,63.9,20,99.24,74.17,2,Medium
2020-01-06,Jaipur,73.6,63.7,20,99.24,74.17,1,Medium
2020-01-07,Bhopal,73.5,64.0,18,99.24,74.17,5,Low
2020-01-08,Lucknow,74.6,64.0,25,99.24,74.17,1,Medium
2020-01-09,Mumbai,75.4,63.4,18,99.24,74.17,2,Low
2020-01-10,Bhopal,75.3,63.0,20,99.24,74.17,3,High
2020-01-11,Mumbai,75.5,62.2,25,99.24,74.17,2,High
2020-01-12,Mumbai,75.8,63.0,20,99.24,74.17,2,High
2020-01-13,Mumbai,76.4,62.2,18,99.24,74.17,5,Low
2020-01-14,Jaipur,76.7,61.4,25,99.24,74.17,2,Medium
2020-01-15,Jaipur,76.1,62.4,22,99.24,74.17,5,Low
2020-01-16,Lucknow,75.8,61.9,22,99.24,74.17,3,High
2020-01-17,Jaipur,76.7,62.2,20,99.24,74.17,1,Low
2020-01-18,Bhopal,76.8,63.2,22,99.24,74.17,1,High
2020-01-19,Delhi,77.5,62.8,20,99.24,74.17,5,Medium
2020-01-20,Lucknow,78.7,63.8,22,99.24,74.17,1,Low
2020-01-21,Delhi,79.3,63.5,18,99.24,74.17,5,High
2020-01-22,Bhopal,79.8,63.6,18,99.24,74.17,5,Medium
2020-01-23,Jaipur,80.9,64.0,22,99.24,74.17,5,Medium
2020-01-24,Bhopal,80.0,64.9,18,99.24,74.17,1,Low
2020-01-25,Delhi,81.4,65.9,18,99.24,74.17,3,High
2020-01-26,Jaipur,82.2,65.4,25,99.24,74.17,3,Medium
2020-01-27,Jaipur,82.5,64.7,25,99.24,74.17,5,High
2020-01-28,Lucknow,83.0,65.4,18,99.24,74.17,2,Medium
2020-01-29,Mumbai,83.1,66.0,25,99.24,74.17,5,Low
2020-01-30,Delhi,83.7,66.6,18,99.24,74.17,1,Medium
2020-01-31,Jaipur,84.5,67.5,25,99.24,74.17,4,Medium
2020-02-01,Lucknow,85.2,67.7,20,99.24,74.17,1,Medium
2020-02-02,Jaipur,85.4,68.0,20,99.24,74.17,5,Medium
2020-02-03,Delhi,85.1,67.4,25,99.24,74.17,4,Low
2020-02-04,Jaipur,84.1,66.7,20,99.24,74.17,3,Low
2020-02-05,Mumbai,83.1,67.0,25,99.24,74.17,2,Medium
2020-02-06,Jaipur,84.3,66.9,20,99.24,74.17,3,High
2020-02-07,Lucknow,83.6,67.5,25,99.24,74.17,5,Low
2020-02-08,Bhopal,83.9,68.6,20,99.24,74.17,5,High
2020-02-09,Bhopal,83.5,67.8,22,99.24,74.17,3,Low
2020-02-10,Bhopal,84.1,67.4,18,99.24,74.17,1,Medium
2020-02-11,Delhi,84.4,66.9,25,99.24,74.17,3,Medium
2020-02-12,Mumbai,85.8,66.1,18,99.24,74.17,2,High
2020-02-13,Bhopal,85.5,66.9,25,99.24,74.17,2,Low
2020-02-14,Mumbai,86.1,66.7,20,99.24,74.17,3,High
2020-02-15,Mumbai,86.3,66.4,18,99.24,74.17,4,Medium
2020-02-16,Jaipur,85.7,66.5,25,99.24,74.17,4,High
2020-02-17,Lucknow,84.8,67.5,20,99.24,74.17,5,Low
2020-02-18,Jaipur,85.8,66.7,20,99.24,74.17,3,Low
2020-02-19,Bhopal,85.9,66.6,18,99.24,74.17,2,High
2020-02-20,Jaipur,86.7,66.7,22,99.24,74.17,4,Medium
2020-02-21,Mumbai,87.1,66.9,18,99.24,74.17,5,Medium
2020-02-22,Jaipur,88.3,66.4,20,99.24,74.17,4,High
2020-02-23,Mumbai,89.3,66.6,25,99.24,74.17,1,Low
2020-02-24,Lucknow,90.6,66.3,22,99.24,74.17,5,Low
2020-02-25,Lucknow,91.7,66.2,22,99.24,74.17,1,Medium
2020-02-26,Bhopal,92.3,66.0,20,99.24,74.17,1,Medium
2020-02-27,Mumbai,93.3,65.4,18,99.24,74.17,5,Medium
2020-02-28,Mumbai,94.3,64.9,22,99.24,74.17,5,Low
2020-02-29,Delhi,94.4,66.0,20,99.24,74.17,4,Low
2020-03-01,Mumbai,95.6,66.0,25,99.24,74.17,2,Medium
2020-03-02,Lucknow,96.7,66.9,20,99.24,74.17,4,High
2020-03-03,Jaipur,95.7,66.4,22,99.24,74.17,4,Low
2020-03-04,Mumbai,95.0,66.7,20,99.24,74.17,4,Medium
2020-03-05,Lucknow,95.5,66.7,25,99.24,74.17,5,Medium
2020-03-06,Delhi,94.7,67.5,18,99.24,74.17,2,Medium
2020-03-07,Jaipur,95.0,66.7,18,99.24,74.17,4,Low
2020-03-08,Mumbai,95.2,66.7,20,99.24,74.17,2,Medium
2020-03-09,Lucknow,95.1,66.6,25,99.24,74.17,5,High
2020-03-10,Mumbai,94.3,66.3,25,99.24,74.17,3,High
2020-03-11,Bhopal,93.5,66.9,18,99.24,74.17,1,Medium
2020-03-12,Bhopal,93.9,66.2,25,99.24,74.17,3,Low
2020-03-13,Bhopal,94.2,65.6,25,99.24,74.17,4,High
2020-03-14,Jaipur,94.7,66.7,22,99.24,74.17,2,High
2020-03-15,Lucknow,94.0,67.8,18,99.24,74.17,2,Medium
2020-03-16,Delhi,93.7,68.6,25,99.24,74.17,3,Low
2020-03-17,Mumbai,93.6,68.2,20,99.24,74.17,5,Low
2020-03-18,Mumbai,93.0,68.3,25,99.24,74.17,3,Medium
2020-03-19,Delhi,92.4,69.3,22,99.24,74.17,4,Medium
2020-03-20,Bhopal,92.1,69.0,25,99.24,74.17,3,Low
2020-03-21,Delhi,93.1,68.4,18,99.24,74.17,2,Low
2020-03-22,Jaipur,93.4,68.0,25,99.24,74.17,1,Low
2020-03-23,Delhi,92.5,68.2,20,99.24,74.17,1,Medium
2020-03-24,Delhi,91.6,68.8,22,99.24,74.17,2,Low
2020-03-25,Bhopal,92.1,69.5,25,99.24,74.17,5,Medium
2020-03-26,Delhi,91.3,69.9,25,99.24,74.17,2,Low
2020-03-27,Bhopal,91.0,70.8,25,99.24,74.17,1,Low
2020-03-28,Jaipur,90.7,71.5,22,99.24,74.17,1,Low
2020-03-29,Jaipur,91.5,71.6,22,99.24,74.17,1,Low
2020-03-30,Delhi,92.9,72.6,22,99.24,74.17,5,High
2020-03-31,Mumbai,93.0,72.7,25,99.24,74.17,2,High
2020-04-01,Jaipur,94.3,72.6,18,99.24,74.17,4,High
2020-04-02,Jaipur,93.9,72.3,25,99.24,74.17,3,Low
2020-04-03,Lucknow,94.8,72.9,25,99.24,74.17,3,Low
2020-04-04,Bhopal,94.8,72.9,20,99.24,74.17,5,Medium
2020-04-05,Delhi,93.9,72.3,22,99.24,74.17,5,Low
2020-04-06,Delhi,94.9,72.2,25,99.24,74.17,4,High
2020-04-07,Bhopal,96.1,71.6,20,99.24,74.17,3,High
2020-04-08,Lucknow,95.4,71.6,20,99.24,74.17,5,High
2020-04-09,Jaipur,96.5,72.1,25,99.24,74.17,1,Low
2020-04-10,Bhopal,95.5,72.2,22,99.24,74.17,4,Medium
2020-04-11,Bhopal,95.4,72.9,22,99.24,74.17,4,High
2020-04-12,Jaipur,95.6,72.1,20,99.24,74.17,3,High
2020-04-13,Bhopal,97.0,72.2,20,99.24,74.17,2,High
2020-04-14,Mumbai,98.4,72.4,25,99.24,74.17,2,Low
2020-04-15,Delhi,97.6,72.1,20,99.24,74.17,4,High
2020-04-16,Delhi,97.2,72.3,25,99.24,74.17,2,High
2020-04-17,Jaipur,97.9,71.7,18,99.24,74.17,4,Low
2020-04-18,Delhi,98.4,72.0,22,99.24,74.17,5,High
2020-04-19,Jaipur,99.7,71.7,22,99.24,74.17,3,Medium
2020-04-20,Jaipur,100.5,72.4,20,99.24,74.17,3,High
2020-04-21,Delhi,99.7,73.0,20,99.24,74.17,4,Medium
2020-04-22,Jaipur,99.4,73.3,20,99.24,74.17,5,Medium
2020-04-23,Bhopal,99.0,73.2,18,99.24,74.17,1,Medium
2020-04-24,Delhi,99.8,74.1,25,99.24,74.17,2,Low
2020-04-25,Delhi,98.9,73.4,22,99.24,74.17,1,High
2020-04-26,Lucknow,98.6,72.9,20,99.24,74.17,5,Low
2020-04-27,Mumbai,97.9,72.8,25,99.24,74.17,5,High
2020-04-28,Lucknow,98.5,73.9,22,99.24,74.17,3,Medium
2020-04-29,Delhi,98.2,73.7,22,99.24,74.17,1,Low
2020-04-30,Jaipur,97.3,74.7,20,99.24,74.17,3,Medium
2020-05-01,Bhopal,97.4,74.6,20,99.24,74.17,4,Medium
2020-05-02,Delhi,96.5,75.7,18,99.24,74.17,2,High
2020-05-03,Mumbai,96.8,75.9,18,99.24,74.17,4,Low
2020-05-04,Jaipur,96.7,76.2,18,99.24,74.17,4,Low
2020-05-05,Lucknow,96.0,77.0,25,99.24,74.17,4,High
2020-05-06,Bhopal,96.3,76.5,22,99.24,74.17,3,Low
2020-05-07,Lucknow,96.8,77.2,20,99.24,74.17,2,Medium
2020-05-08,Jaipur,98.2,77.3,25,99.24,74.17,2,Low
2020-05-09,Bhopal,98.8,78.2,20,99.24,74.17,1,Low
2020-05-10,Lucknow,98.7,77.4,18,99.24,74.17,1,Low
2020-05-11,Jaipur,100.1,76.6,25,99.24,74.17,3,Medium
2020-05-12,Jaipur,101.0,76.6,18,99.24,74.17,1,Low
2020-05-13,Delhi,102.2,76.7,22,99.24,74.17,3,High
2020-05-14,Bhopal,101.9,77.0,18,99.24,74.17,1,High
2020-05-15,Mumbai,101.4,77.5,25,99.24,74.17,2,High
2020-05-16,Mumbai,102.3,77.7,25,99.24,74.17,3,High
2020-05-17,Jaipur,103.2,77.6,18,99.24,74.17,2,High
2020-05-18,Jaipur,104.1,78.5,22,99.24,74.17,2,High
2020-05-19,Lucknow,104.5,78.6,25,99.24,74.17,1,Medium
2020-05-20,Lucknow,105.3,78.6,20,99.24,74.17,4,Medium
2020-05-21,Bhopal,106.2,79.3,18,99.24,74.17,5,Low
2020-05-22,Lucknow,105.8,78.7,25,99.24,74.17,2,Low
2020-05-23,Mumbai,106.6,79.1,20,99.24,74.17,5,Low
2020-05-24,Jaipur,106.5,80.2,22,99.24,74.17,5,High
2020-05-25,Delhi,106.6,80.0,20,99.24,74.17,4,Medium
2020-05-26,Lucknow,107.8,80.8,18,99.24,74.17,5,Medium
2020-05-27,Mumbai,108.5,81.9,20,99.24,74.17,5,Medium
2020-05-28,Jaipur,108.3,81.1,22,99.24,74.17,5,Medium
2020-05-29,Delhi,107.5,81.0,20,99.24,74.17,5,High
2020-05-30,Jaipur,108.0,80.3,18,99.24,74.17,2,Medium
2020-05-31,Mumbai,108.0,81.4,22,99.24,74.17,5,High
2020-06-01,Jaipur,108.0,81.2,22,99.24,74.17,3,Medium
2020-06-02,Mumbai,109.2,82.0,22,99.24,74.17,3,Medium
2020-06-03,Delhi,110.5,82.2,18,99.24,74.17,2,Low
2020-06-04,Jaipur,110.2,83.2,22,99.24,74.17,1,High
2020-06-05,Bhopal,111.5,84.1,22,99.24,74.17,2,Low
2020-06-06,Mumbai,111.9,83.7,20,99.24,74.17,3,Low
2020-06-07,Jaipur,111.8,84.4,22,99.24,74.17,5,Medium
2020-06-08,Lucknow,112.4,84.4,22,99.24,74.17,3,Low
2020-06-09,Bhopal,112.1,84.3,22,99.24,74.17,1,Medium
2020-06-10,Delhi,111.6,84.6,20,99.24,74.17,3,Medium
2020-06-11,Bhopal,112.9,85.1,18,99.24,74.17,4,Low
2020-06-12,Jaipur,113.6,85.3,18,99.24,74.17,3,Medium
2020-06-13,Bhopal,113.8,85.1,22,99.24,74.17,4,Medium
2020-06-14,Mumbai,114.2,84.7,18,99.24,74.17,2,High
2020-06-15,Lucknow,115.0,84.4,25,99.24,74.17,1,Medium
2020-06-16,Mumbai,114.3,85.1,22,99.24,74.17,3,Medium
2020-06-17,Jaipur,113.7,84.4,18,99.24,74.17,4,Low
2020-06-18,Jaipur,114.9,84.2,18,99.24,74.17,4,Medium
2020-06-19,Mumbai,113.9,84.7,22,99.24,74.17,4,Medium
2020-06-20,Jaipur,113.8,84.3,18,99.24,74.17,1,Low
2020-06-21,Delhi,113.7,85.4,22,99.24,74.17,2,Medium
2020-06-22,Bhopal,112.9,85.0,20,99.24,74.17,1,High
2020-06-23,Mumbai,114.0,84.7,20,99.24,74.17,3,Medium
2020-06-24,Jaipur,115.3,84.4,22,99.24,74.17,4,Medium
2020-06-25,Delhi,114.7,85.3,20,99.24,74.17,1,Low
2020-06-26,Lucknow,116.1,85.2,20,99.24,74.17,2,Low
2020-06-27,Jaipur,116.4,84.6,18,99.24,74.17,3,Medium
2020-06-28,Delhi,117.3,85.6,20,99.24,74.17,4,Medium
2020-06-29,Lucknow,118.7,86.7,20,99.24,74.17,5,Low
2020-06-30,Mumbai,119.3,87.7,20,99.24,74.17,1,Low
2020-07-01,Jaipur,120.3,87.9,22,99.24,74.17,4,High
2020-07-02,Jaipur,120.7,87.9,25,99.24,74.17,2,Low
2020-07-03,Jaipur,120.6,88.7,22,99.24,74.17,5,Medium
2020-07-04,Bhopal,121.7,89.8,25,99.24,74.17,1,High
2020-07-05,Delhi,121.4,90.8,25,99.24,74.17,3,Low
2020-07-06,Delhi,121.6,91.7,22,99.24,74.17,2,Medium
2020-07-07,Lucknow,121.3,92.5,25,99.24,74.17,4,Medium
2020-07-08,Bhopal,121.2,93.6,25,99.24,74.17,5,Medium
2020-07-09,Mumbai,122.6,92.8,25,99.24,74.17,4,Low
2020-07-10,Jaipur,122.6,93.3,18,99.24,74.17,4,Medium
2020-07-11,Jaipur,122.6,92.5,18,99.24,74.17,3,Low
2020-07-12,Mumbai,121.7,93.1,22,99.24,74.17,5,High
2020-07-13,Lucknow,120.9,93.8,20,99.24,74.17,1,Medium
2020-07-14,Lucknow,120.5,94.3,25,99.24,74.17,5,Medium
2020-07-15,Lucknow,119.8,94.9,25,99.24,74.17,4,Low
2020-07-16,Delhi,121.2,95.2,22,99.24,74.17,5,High
2020-07-17,Jaipur,120.6,96.2,22,99.24,74.17,4,Medium
2020-07-18,Delhi,121.1,95.5,22,99.24,74.17,2,High
2020-07-19,Bhopal,122.1,96.1,22,99.24,74.17,5,Low
2020-07-20,Mumbai,121.5,96.9,20,99.24,74.17,1,High
2020-07-21,Bhopal,122.3,96.2,25,99.24,74.17,3,High
2020-07-22,Jaipur,121.4,95.9,20,99.24,74.17,4,High
2020-07-23,Bhopal,120.7,97.0,22,99.24,74.17,4,Medium
2020-07-24,Jaipur,120.6,97.4,22,99.24,74.17,4,High
2020-07-25,Delhi,121.0,97.9,25,99.24,74.17,4,Low
2020-07-26,Delhi,120.1,98.3,18,99.24,74.17,2,High
2020-07-27,Jaipur,120.6,99.0,18,99.24,74.17,4,High
2020-07-28,Lucknow,120.5,99.0,22,99.24,74.17,2,Medium
2020-07-29,Delhi,119.5,98.8,25,99.24,74.17,5,Low
2020-07-30,Lucknow,120.3,99.3,25,99.24,74.17,4,High
2020-07-31,Lucknow,120.5,98.6,25,99.24,74.17,1,Medium
2020-08-01,Jaipur,121.2,98.7,18,99.24,74.17,5,Low
2020-08-02,Lucknow,121.6,98.7,25,99.24,74.17,3,Low
2020-08-03,Lucknow,122.9,98.3,20,99.24,74.17,5,High
2020-08-04,Delhi,123.9,98.7,25,99.24,74.17,3,Low
2020-08-05,Jaipur,124.2,99.0,18,99.24,74.17,1,Medium
2020-08-06,Bhopal,124.9,99.4,22,99.24,74.17,4,Medium
2020-08-07,Lucknow,124.6,99.2,22,99.24,74.17,2,High
2020-08-08,Mumbai,125.4,98.9,20,99.24,74.17,2,High
2020-08-09,Mumbai,124.8,99.2,25,99.24,74.17,5,Low
2020-08-10,Delhi,125.5,99.6,20,99.24,74.17,2,High
2020-08-11,Jaipur,126.1,100.3,20,99.24,74.17,2,Medium
2020-08-12,Jaipur,127.1,100.8,25,99.24,74.17,3,Medium
2020-08-13,Jaipur,128.0,100.0,18,99.24,74.17,1,Medium
2020-08-14,Jaipur,129.3,99.6,22,99.24,74.17,1,Low
2020-08-15,Bhopal,128.4,99.6,20,99.24,74.17,3,Medium
2020-08-16,Lucknow,127.6,98.9,18,99.24,74.17,2,Low
2020-08-17,Bhopal,128.4,98.1,22,99.24,74.17,5,Low
2020-08-18,Mumbai,129.5,97.9,20,99.24,74.17,2,Low
2020-08-19,Jaipur,129.7,98.3,22,99.24,74.17,2,Medium
2020-08-20,Lucknow,131.0,98.8,18,99.24,74.17,2,Low
2020-08-21,Jaipur,132.1,98.7,18,99.24,74.17,5,High
2020-08-22,Jaipur,133.3,98.6,25,99.24,74.17,2,Low
2020-08-23,Delhi,134.4,98.4,18,99.24,74.17,5,Medium
2020-08-24,Lucknow,134.1,97.8,25,99.24,74.17,5,High
2020-08-25,Delhi,134.5,98.1,18,99.24,74.17,2,High
2020-08-26,Lucknow,134.8,97.7,22,99.24,74.17,1,High
2020-08-27,Bhopal,135.0,97.0,18,99.24,74.17,2,Medium
2020-08-28,Delhi,134.3,97.8,20,99.24,74.17,2,High
2020-08-29,Delhi,135.2,98.1,20,99.24,74.17,3,Medium
2020-08-30,Jaipur,134.7,98.3,20,99.24,74.17,1,Low
2020-08-31,Jaipur,134.8,97.6,20,99.24,74.17,5,High
2020-09-01,Bhopal,135.5,97.1,18,99.24,74.17,2,Low
2020-09-02,Mumbai,135.9,98.1,18,99.24,74.17,2,Low
2020-09-03,Mumbai,135.6,99.1,18,99.24,74.17,2,High
2020-09-04,Delhi,135.5,99.2,25,99.24,74.17,5,High
2020-09-05,Jaipur,134.6,99.0,18,99.24,74.17,5,High
2020-09-06,Delhi,135.1,99.7,25,99.24,74.17,4,Medium
2020-09-07,Bhopal,135.7,100.8,22,99.24,74.17,5,High
2020-09-08,Mumbai,137.0,101.4,20,99.24,74.17,5,Medium
2020-09-09,Bhopal,136.7,102.5,18,99.24,74.17,4,Medium
2020-09-10,Lucknow,136.6,103.5,25,99.24,74.17,1,Medium
2020-09-11,Mumbai,135.7,103.8,20,99.24,74.17,3,Medium
2020-09-12,Lucknow,134.8,104.9,20,99.24,74.17,2,High
2020-09-13,Lucknow,133.8,106.0,20,99.24,74.17,3,Low
2020-09-14,Jaipur,133.1,107.1,18,99.24,74.17,5,Low
2020-09-15,Mumbai,133.7,107.8,20,99.24,74.17,2,High
2020-09-16,Mumbai,133.0,108.1,20,99.24,74.17,1,High
2020-09-17,Jaipur,132.5,107.6,22,99.24,74.17,3,Medium
2020-09-18,Mumbai,133.2,108.0,18,99.24,74.17,4,Medium
2020-09-19,Delhi,133.9,107.4,22,99.24,74.17,3,Low
2020-09-20,Mumbai,133.1,107.8,18,99.24,74.17,2,Medium
2020-09-21,Lucknow,133.6,108.2,18,99.24,74.17,5,Medium
2020-09-22,Jaipur,134.4,108.0,18,99.24,74.17,4,High
2020-09-23,Bhopal,133.8,107.2,22,99.24,74.17,4,Low
2020-09-24,Mumbai,135.0,107.6,20,99.24,74.17,2,Low
2020-09-25,Bhopal,135.2,107.9,25,99.24,74.17,4,High
2020-09-26,Mumbai,134.2,108.2,20,99.24,74.17,5,Medium
2020-09-27,Delhi,134.5,108.0,22,99.24,74.17,1,Medium
2020-09-28,Delhi,135.3,108.4,18,99.24,74.17,2,Medium
2020-09-29,Delhi,136.3,109.4,25,99.24,74.17,4,Medium
2020-09-30,Lucknow,136.2,108.8,22,99.24,74.17,4,High
2020-10-01,Delhi,135.5,109.2,22,99.24,74.17,2,Medium
2020-10-02,Bhopal,135.4,108.5,20,99.24,74.17,5,High
2020-10-03,Delhi,134.9,108.2,22,99.24,74.17,3,Medium
2020-10-04,Lucknow,134.2,107.9,18,99.24,74.17,3,Medium
2020-10-05,Bhopal,135.1,108.6,20,99.24,74.17,4,Low
2020-10-06,Bhopal,134.9,108.6,18,99.24,74.17,3,High
2020-10-07,Lucknow,135.9,108.0,22,99.24,74.17,4,Medium
2020-10-08,Jaipur,136.9,107.2,18,99.24,74.17,4,Medium
2020-10-09,Mumbai,137.6,108.2,25,99.24,74.17,1,Low
2020-10-10,Delhi,136.6,108.6,20,99.24,74.17,3,Medium
2020-10-11,Mumbai,136.4,109.6,25,99.24,74.17,4,Low
2020-10-12,Bhopal,135.6,110.5,18,99.24,74.17,1,Low
2020-10-13,Mumbai,136.0,110.2,22,99.24,74.17,1,Low
2020-10-14,Mumbai,137.1,109.7,22,99.24,74.17,3,Low
2020-10-15,Lucknow,137.9,110.4,20,99.24,74.17,2,Low
2020-10-16,Delhi,138.9,110.1,20,99.24,74.17,3,Low
2020-10-17,Bhopal,139.4,109.3,22,99.24,74.17,2,Low
2020-10-18,Delhi,140.1,108.9,22,99.24,74.17,4,Medium
2020-10-19,Lucknow,140.5,110.0,18,99.24,74.17,2,Low
2020-10-20,Delhi,141.3,109.5,18,99.24,74.17,2,Low
2020-10-21,Lucknow,140.3,110.3,18,99.24,74.17,4,Low
2020-10-22,Bhopal,139.3,110.2,20,99.24,74.17,2,Medium
2020-10-23,Bhopal,138.4,111.3,22,99.24,74.17,5,Low
2020-10-24,Jaipur,138.5,110.5,18,99.24,74.17,1,Low
2020-10-25,Delhi,137.7,110.5,25,99.24,74.17,5,High
2020-10-26,Mumbai,138.5,110.4,18,99.24,74.17,5,Medium
2020-10-27,Delhi,139.8,110.3,18,99.24,74.17,1,Medium
2020-10-28,Lucknow,140.7,110.7,18,99.24,74.17,4,Medium
2020-10-29,Bhopal,139.8,111.1,18,99.24,74.17,1,High
2020-10-30,Jaipur,138.9,111.8,25,99.24,74.17,1,Low
2020-10-31,Delhi,139.4,111.1,20,99.24,74.17,5,Medium
2020-11-01,Bhopal,139.2,111.5,18,99.24,74.17,5,Medium
2020-11-02,Delhi,139.7,110.8,22,99.24,74.17,5,High
2020-11-03,Delhi,140.9,110.6,20,99.24,74.17,2,High
2020-11-04,Jaipur,141.1,110.9,18,99.24,74.17,1,Low
2020-11-05,Mumbai,140.2,111.8,22,99.24,74.17,1,Medium
2020-11-06,Delhi,140.1,112.9,20,99.24,74.17,3,High
2020-11-07,Lucknow,140.3,112.7,18,99.24,74.17,3,Medium
2020-11-08,Jaipur,139.6,112.3,18,99.24,74.17,1,Medium
2020-11-09,Bhopal,138.8,112.0,20,99.24,74.17,4,Low
2020-11-10,Jaipur,139.5,113.0,20,99.24,74.17,1,Low
2020-11-11,Delhi,140.8,113.5,20,99.24,74.17,1,Low
2020-11-12,Mumbai,140.8,113.0,18,99.24,74.17,2,High
2020-11-13,Bhopal,141.4,112.8,22,99.24,74.17,1,Medium
2020-11-14,Delhi,141.3,113.5,22,99.24,74.17,4,High
2020-11-15,Mumbai,141.4,113.9,20,99.24,74.17,2,High
2020-11-16,Jaipur,141.9,114.7,25,99.24,74.17,4,Medium
2020-11-17,Jaipur,141.4,114.9,20,99.24,74.17,5,High
2020-11-18,Lucknow,141.2,115.9,22,99.24,74.17,4,High
2020-11-19,Mumbai,141.4,116.8,25,99.24,74.17,4,Medium
2020-11-20,Lucknow,142.7,116.2,25,99.24,74.17,4,Low
2020-11-21,Bhopal,142.3,115.4,20,99.24,74.17,5,Low
2020-11-22,Jaipur,143.6,114.9,18,99.24,74.17,4,Low
2020-11-23,Lucknow,143.0,114.5,18,99.24,74.17,3,Low
2020-11-24,Delhi,143.8,115.5,25,99.24,74.17,5,Medium
2020-11-25,Bhopal,143.1,116.6,22,99.24,74.17,4,Medium
2020-11-26,Delhi,143.2,116.3,18,99.24,74.17,3,Low
2020-11-27,Bhopal,144.0,117.1,18,99.24,74.17,2,Medium
2020-11-28,Mumbai,143.9,117.8,20,99.24,74.17,3,Medium
2020-11-29,Delhi,144.3,118.2,25,99.24,74.17,5,Low
2020-11-30,Jaipur,145.1,117.9,22,99.24,74.17,3,High
2020-12-01,Bhopal,145.3,117.5,20,99.24,74.17,5,Medium
2020-12-02,Bhopal,144.4,118.0,25,99.24,74.17,1,High
2020-12-03,Jaipur,144.7,117.8,25,99.24,74.17,2,Low
2020-12-04,Lucknow,145.9,118.3,20,99.24,74.17,5,High
2020-12-05,Delhi,145.4,118.6,20,99.24,74.17,2,High
2020-12-06,Mumbai,145.6,119.3,25,99.24,74.17,3,Low
2020-12-07,Bhopal,145.9,120.1,25,99.24,74.17,5,Low
2020-12-08,Mumbai,146.4,121.1,18,99.24,74.17,3,Medium
2020-12-09,Jaipur,145.8,120.6,20,99.24,74.17,2,Medium
2020-12-10,Jaipur,146.2,121.6,25,99.24,74.17,2,Medium
2020-12-11,Bhopal,147.3,121.1,22,99.24,74.17,1,Low
2020-12-12,Bhopal,147.9,120.3,22,99.24,74.17,4,Medium
2020-12-13,Bhopal,147.7,120.2,22,99.24,74.17,4,Low
2020-12-14,Jaipur,147.8,121.1,20,99.24,74.17,5,High
2020-12-15,Mumbai,147.2,121.1,22,99.24,74.17,2,High
2020-12-16,Delhi,146.6,120.3,25,99.24,74.17,1,High
2020-12-17,Bhopal,146.2,120.8,22,99.24,74.17,2,High
2020-12-18,Mumbai,145.4,120.8,20,99.24,74.17,5,Medium
2020-12-19,Bhopal,146.7,121.8,18,99.24,74.17,5,Medium
2020-12-20,Mumbai,146.3,122.7,22,99.24,74.17,1,High
2020-12-21,Bhopal,145.7,123.7,18,99.24,74.17,4,Low
2020-12-22,Delhi,146.6,124.1,22,99.24,74.17,2,Medium
2020-12-23,Delhi,146.5,123.5,20,99.24,74.17,1,Medium
2020-12-24,Lucknow,147.1,123.2,22,99.24,74.17,5,Medium
2020-12-25,Mumbai,148.5,123.1,18,99.24,74.17,2,High
2020-12-26,Delhi,147.5,122.3,25,99.24,74.17,3,Low
2020-12-27,Lucknow,148.5,122.0,22,99.24,74.17,4,Medium
2020-12-28,Delhi,149.3,122.7,22,99.24,74.17,3,Low
2020-12-29,Jaipur,150.5,123.7,25,99.24,74.17,4,Low
2020-12-30,Lucknow,151.1,123.4,25,99.24,74.17,1,Medium
2020-12-31,Mumbai,152.3,123.6,18,99.24,74.17,5,Medium
2021-01-01,Jaipur,153.6,123.9,18,99.24,74.17,2,Low
2021-01-02,Bhopal,154.8,124.2,25,99.24,74.17,1,High
2021-01-03,Lucknow,154.2,125.0,25,99.24,74.17,5,Low
2021-01-04,Bhopal,154.2,124.5,22,99.24,74.17,2,High
2021-01-05,Jaipur,153.4,124.5,25,99.24,74.17,2,Medium
2021-01-06,Jaipur,153.0,124.7,22,99.24,74.17,1,Medium
2021-01-07,Lucknow,154.3,124.6,25,99.24,74.17,4,High
2021-01-08,Delhi,155.1,123.9,18,99.24,74.17,2,High
2021-01-09,Delhi,155.4,123.7,18,99.24,74.17,3,Low
2021-01-10,Bhopal,155.2,123.4,25,99.24,74.17,5,Medium
2021-01-11,Bhopal,154.5,124.0,22,99.24,74.17,2,Medium
2021-01-12,Jaipur,155.7,125.1,18,99.24,74.17,1,Medium
2021-01-13,Delhi,155.9,125.1,20,99.24,74.17,3,Medium
2021-01-14,Lucknow,155.5,125.3,22,99.24,74.17,1,High
2021-01-15,Jaipur,156.0,126.0,25,99.24,74.17,4,Low
2021-01-16,Delhi,157.4,126.6,25,99.24,74.17,1,Low
2021-01-17,Lucknow,158.2,127.0,20,99.24,74.17,4,High
2021-01-18,Delhi,157.8,126.3,22,99.24,74.17,2,Medium
2021-01-19,Bhopal,158.8,127.1,20,99.24,74.17,4,High
2021-01-20,Jaipur,158.8,126.4,25,99.24,74.17,3,Low
2021-01-21,Jaipur,158.5,127.4,25,99.24,74.17,5,Medium
2021-01-22,Mumbai,159.6,127.2,25,99.24,74.17,3,Medium
2021-01-23,Lucknow,159.3,127.7,18,99.24,74.17,3,High
2021-01-24,Lucknow,158.4,128.6,18,99.24,74.17,1,High
2021-01-25,Bhopal,159.3,128.2,20,99.24,74.17,3,Low
2021-01-26,Bhopal,160.2,129.3,20,99.24,74.17,2,Low
2021-01-27,Jaipur,160.3,129.7,22,99.24,74.17,3,Medium
2021-01-28,Mumbai,160.4,130.3,20,99.24,74.17,3,Medium
2021-01-29,Lucknow,160.2,130.8,22,99.24,74.17,4,Medium
2021-01-30,Lucknow,161.0,131.1,20,99.24,74.17,4,Low
2021-01-31,Delhi,160.4,131.7,20,99.24,74.17,4,Low
2021-02-01,Jaipur,161.0,132.5,25,99.24,74.17,5,Low
2021-02-02,Mumbai,160.1,132.3,25,99.24,74.17,4,Medium
2021-02-03,Lucknow,159.9,131.8,25,99.24,74.17,3,High
2021-02-04,Jaipur,159.3,132.3,18,99.24,74.17,2,Medium
2021-02-05,Bhopal,159.0,132.8,25,99.24,74.17,4,Low
2021-02-06,Delhi,159.6,132.3,25,99.24,74.17,5,Low
2021-02-07,Delhi,159.7,132.0,20,99.24,74.17,5,Low
2021-02-08,Mumbai,161.0,131.7,25,99.24,74.17,5,Low
2021-02-09,Bhopal,160.6,131.0,25,99.24,74.17,1,Low
2021-02-10,Delhi,160.2,132.1,20,99.24,74.17,1,High
2021-02-11,Bhopal,160.5,132.1,22,99.24,74.17,5,High
2021-02-12,Delhi,161.2,131.7,25,99.24,74.17,5,Medium
2021-02-13,Jaipur,162.4,131.0,18,99.24,74.17,3,Low
2021-02-14,Delhi,161.5,130.7,20,99.24,74.17,5,Medium
2021-02-15,Delhi,162.0,130.3,25,99.24,74.17,5,Medium
2021-02-16,Mumbai,161.0,130.2,20,99.24,74.17,3,High
2021-02-17,Delhi,161.5,130.3,25,99.24,74.17,1,Medium
2021-02-18,Lucknow,162.3,130.5,22,99.24,74.17,3,Low
2021-02-19,Delhi,162.5,129.7,20,99.24,74.17,1,High
2021-02-20,Bhopal,162.0,129.1,18,99.24,74.17,2,High
2021-02-21,Delhi,161.4,129.6,20,99.24,74.17,2,Medium
2021-02-22,Delhi,161.4,130.6,18,99.24,74.17,3,High
2021-02-23,Jaipur,161.3,131.4,25,99.24,74.17,4,High
2021-02-24,Delhi,161.0,131.9,25,99.24,74.17,5,High
2021-02-25,Mumbai,161.5,131.5,25,99.24,74.17,5,Medium
2021-02-26,Delhi,162.6,131.7,18,99.24,74.17,1,High
2021-02-27,Delhi,163.8,131.9,20,99.24,74.17,2,High
2021-02-28,Mumbai,163.7,132.4,20,99.24,74.17,2,Medium
2021-03-01,Mumbai,163.6,131.8,25,99.24,74.17,5,High
2021-03-02,Jaipur,163.1,131.2,22,99.24,74.17,2,Low
2021-03-03,Bhopal,164.0,131.5,18,99.24,74.17,5,High
2021-03-04,Lucknow,164.1,132.3,20,99.24,74.17,1,Low
2021-03-05,Bhopal,165.5,132.7,18,99.24,74.17,3,High
2021-03-06,Bhopal,166.8,133.2,22,99.24,74.17,1,High
2021-03-07,Jaipur,168.0,132.9,22,99.24,74.17,4,Medium
2021-03-08,Jaipur,168.1,133.3,22,99.24,74.17,3,High
2021-03-09,Bhopal,167.6,133.1,18,99.24,74.17,1,Medium
2021-03-10,Delhi,167.8,132.8,22,99.24,74.17,5,Low
2021-03-11,Jaipur,169.1,133.8,18,99.24,74.17,5,High
2021-03-12,Lucknow,168.8,133.8,20,99.24,74.17,1,Medium
2021-03-13,Lucknow,168.3,133.1,18,99.24,74.17,3,Medium
2021-03-14,Delhi,169.6,132.9,18,99.24,74.17,3,High
2021-03-15,Bhopal,170.4,133.4,22,99.24,74.17,5,Low
2021-03-16,Lucknow,171.5,133.3,22,99.24,74.17,2,Low
2021-03-17,Jaipur,171.1,132.7,18,99.24,74.17,1,Low
2021-03-18,Mumbai,171.6,132.1,20,99.24,74.17,1,High
2021-03-19,Jaipur,170.9,132.9,20,99.24,74.17,1,High
2021-03-20,Lucknow,171.4,133.8,22,99.24,74.17,1,Medium
2021-03-21,Bhopal,171.7,133.8,18,99.24,74.17,1,High
2021-03-22,Jaipur,171.8,134.6,22,99.24,74.17,5,Medium
2021-03-23,Bhopal,171.6,134.3,22,99.24,74.17,4,High
2021-03-24,Delhi,171.6,133.9,18,99.24,74.17,3,High
2021-03-25,Mumbai,172.3,134.9,18,99.24,74.17,3,Low
2021-03-26,Bhopal,171.6,134.2,22,99.24,74.17,3,Low
2021-03-27,Jaipur,172.0,135.3,25,99.24,74.17,5,High
2021-03-28,Delhi,171.7,136.0,20,99.24,74.17,2,Low
2021-03-29,Jaipur,171.3,136.4,25,99.24,74.17,2,Low
2021-03-30,Bhopal,171.6,136.2,25,99.24,74.17,1,Low
2021-03-31,Jaipur,171.0,136.9,20,99.24,74.17,5,Low
2021-04-01,Jaipur,171.1,137.3,22,99.24,74.17,4,Medium
2021-04-02,Lucknow,172.2,137.0,18,99.24,74.17,1,High
2021-04-03,Bhopal,173.5,138.1,22,99.24,74.17,2,Low
2021-04-04,Mumbai,173.5,139.2,18,99.24,74.17,2,High
2021-04-05,Lucknow,172.6,138.5,18,99.24,74.17,1,High
2021-04-06,Jaipur,172.6,139.5,25,99.24,74.17,3,Medium
2021-04-07,Jaipur,173.2,140.3,20,99.24,74.17,4,Medium
2021-04-08,Mumbai,173.1,141.2,18,99.24,74.17,4,Medium
2021-04-09,Delhi,173.1,140.5,18,99.24,74.17,1,Medium
2021-04-10,Delhi,174.2,140.5,25,99.24,74.17,2,Low
2021-04-11,Mumbai,175.1,139.7,20,99.24,74.17,4,High
2021-04-12,Delhi,176.0,139.8,25,99.24,74.17,4,Medium
2021-04-13,Bhopal,175.2,139.4,18,99.24,74.17,4,Low
2021-04-14,Jaipur,175.1,140.5,20,99.24,74.17,4,Medium
2021-04-15,Jaipur,175.9,140.8,18,99.24,74.17,3,Medium
2021-04-16,Bhopal,175.9,141.0,20,99.24,74.17,3,High
2021-04-17,Bhopal,176.5,140.8,22,99.24,74.17,1,Low
2021-04-18,Mumbai,177.0,140.7,18,99.24,74.17,3,Low
2021-04-19,Lucknow,178.1,140.0,18,99.24,74.17,5,High
2021-04-20,Bhopal,178.3,141.1,25,99.24,74.17,4,Low
2021-04-21,Bhopal,177.8,142.1,18,99.24,74.17,4,Medium
2021-04-22,Bhopal,178.3,143.1,22,99.24,74.17,5,Medium
2021-04-23,Bhopal,178.5,143.0,22,99.24,74.17,2,High
2021-04-24,Jaipur,179.7,142.2,20,99.24,74.17,1,Medium
2021-04-25,Bhopal,179.6,142.9,22,99.24,74.17,3,Medium
2021-04-26,Mumbai,181.0,143.3,20,99.24,74.17,4,Medium
2021-04-27,Bhopal,181.5,144.3,18,99.24,74.17,1,Low
2021-04-28,Jaipur,181.8,145.2,20,99.24,74.17,1,Low
2021-04-29,Bhopal,180.8,146.2,20,99.24,74.17,3,Medium
2021-04-30,Mumbai,179.9,146.1,20,99.24,74.17,4,Low
2021-05-01,Delhi,179.6,145.3,20,99.24,74.17,4,Medium
2021-05-02,Delhi,179.1,145.9,18,99.24,74.17,2,High
2021-05-03,Lucknow,179.5,146.2,20,99.24,74.17,2,Medium
2021-05-04,Bhopal,178.9,145.9,18,99.24,74.17,2,High
2021-05-05,Bhopal,178.7,145.3,25,99.24,74.17,1,Medium
2021-05-06,Mumbai,177.8,145.6,25,99.24,74.17,1,Low
2021-05-07,Bhopal,177.9,145.0,18,99.24,74.17,2,Medium
2021-05-08,Lucknow,178.1,145.0,20,99.24,74.17,3,High
2021-05-09,Mumbai,178.0,144.4,22,99.24,74.17,1,Low
2021-05-10,Jaipur,178.9,144.5,20,99.24,74.17,4,Medium
2021-05-11,Mumbai,178.6,144.4,22,99.24,74.17,4,Low
2021-05-12,Lucknow,178.1,145.5,20,99.24,74.17,2,High
2021-05-13,Delhi,177.9,146.0,20,99.24,74.17,2,High
2021-05-14,Jaipur,177.3,147.0,25,99.24,74.17,4,Medium
2021-05-15,Jaipur,176.9,146.3,25,99.24,74.17,2,Low
2021-05-16,Mumbai,176.9,145.9,18,99.24,74.17,2,Medium
2021-05-17,Delhi,176.6,145.9,25,99.24,74.17,1,High
2021-05-18,Delhi,176.9,145.2,20,99.24,74.17,1,Medium
2021-05-19,Jaipur,176.7,144.5,22,99.24,74.17,2,Medium
2021-05-20,Jaipur,176.5,144.1,20,99.24,74.17,2,Low
2021-05-21,Jaipur,176.0,144.6,18,99.24,74.17,1,Medium
2021-05-22,Delhi,176.7,145.7,20,99.24,74.17,1,High
2021-05-23,Jaipur,177.7,145.2,22,99.24,74.17,1,Medium
2021-05-24,Jaipur,177.3,145.9,22,99.24,74.17,2,High
2021-05-25,Jaipur,178.6,146.1,25,99.24,74.17,5,High
2021-05-26,Delhi,178.5,146.1,18,99.24,74.17,4,High
2021-05-27,Delhi,179.2,146.3,22,99.24,74.17,2,Medium
2021-05-28,Lucknow,179.9,145.9,25,99.24,74.17,1,Medium
2021-05-29,Lucknow,179.5,146.8,18,99.24,74.17,1,Medium
2021-05-30,Delhi,180.9,146.0,25,99.24,74.17,1,High
2021-05-31,Lucknow,181.7,146.6,25,99.24,74.17,2,Medium
2021-06-01,Lucknow,181.9,147.3,22,99.24,74.17,2,Medium
2021-06-02,Bhopal,182.1,148.0,25,99.24,74.17,1,High
2021-06-03,Jaipur,182.1,148.4,20,99.24,74.17,1,Medium
2021-06-04,Bhopal,181.5,149.3,25,99.24,74.17,1,Medium
2021-06-05,Bhopal,182.8,150.0,18,99.24,74.17,1,High
2021-06-06,Mumbai,183.9,149.6,20,99.24,74.17,2,High
2021-06-07,Mumbai,184.2,150.2,22,99.24,74.17,4,High
2021-06-08,Bhopal,185.2,149.7,20,99.24,74.17,4,Medium
2021-06-09,Lucknow,184.6,149.5,22,99.24,74.17,4,High
2021-06-10,Mumbai,184.1,149.5,18,99.24,74.17,1,Medium
2021-06-11,Lucknow,185.2,149.3,25,99.24,74.17,1,Medium
2021-06-12,Lucknow,185.1,149.1,20,99.24,74.17,4,Low
2021-06-13,Lucknow,185.1,148.9,20,99.24,74.17,3,High
2021-06-14,Bhopal,185.4,148.8,25,99.24,74.17,4,Medium
2021-06-15,Bhopal,186.7,148.1,20,99.24,74.17,1,Medium
2021-06-16,Jaipur,187.7,149.0,25,99.24,74.17,3,Medium
2021-06-17,Bhopal,188.6,148.4,20,99.24,74.17,4,High
2021-06-18,Mumbai,187.6,148.6,18,99.24,74.17,1,Low
2021-06-19,Jaipur,187.5,148.2,18,99.24,74.17,5,High
2021-06-20,Delhi,186.8,148.0,25,99.24,74.17,4,High
2021-06-21,Delhi,188.1,147.7,18,99.24,74.17,5,High
2021-06-22,Lucknow,188.3,148.6,18,99.24,74.17,1,Low
2021-06-23,Delhi,189.3,147.8,20,99.24,74.17,5,Low
2021-06-24,Jaipur,189.0,147.0,25,99.24,74.17,1,Medium
2021-06-25,Bhopal,188.4,146.4,25,99.24,74.17,4,Low
2021-06-26,Lucknow,188.0,146.3,20,99.24,74.17,2,Medium
2021-06-27,Jaipur,187.5,145.8,22,99.24,74.17,4,High
2021-06-28,Delhi,186.5,146.8,18,99.24,74.17,4,High
2021-06-29,Lucknow,185.6,146.3,18,99.24,74.17,5,High
2021-06-30,Delhi,185.7,146.1,18,99.24,74.17,5,Low
2021-07-01,Jaipur,187.0,145.3,22,99.24,74.17,3,Low
2021-07-02,Delhi,187.1,146.3,25,99.24,74.17,1,Medium
2021-07-03,Lucknow,186.9,147.3,20,99.24,74.17,1,High
2021-07-04,Delhi,186.7,147.9,25,99.24,74.17,1,Low
2021-07-05,Mumbai,186.5,148.4,25,99.24,74.17,5,Low
2021-07-06,Jaipur,186.9,147.9,18,99.24,74.17,5,Low
2021-07-07,Mumbai,187.9,148.7,18,99.24,74.17,4,Medium
2021-07-08,Delhi,187.1,148.7,25,99.24,74.17,3,Low
2021-07-09,Mumbai,186.8,148.2,25,99.24,74.17,4,High
2021-07-10,Jaipur,187.2,149.1,20,99.24,74.17,2,High
2021-07-11,Delhi,188.2,149.6,22,99.24,74.17,4,High
2021-07-12,Mumbai,188.2,150.0,18,99.24,74.17,5,Medium
2021-07-13,Bhopal,189.1,149.8,18,99.24,74.17,2,Medium
2021-07-14,Mumbai,190.4,150.3,18,99.24,74.17,5,High
2021-07-15,Delhi,191.4,150.0,20,99.24,74.17,3,High
2021-07-16,Bhopal,192.8,150.3,25,99.24,74.17,2,High
2021-07-17,Delhi,194.2,151.3,22,99.24,74.17,3,High
2021-07-18,Lucknow,193.6,150.8,20,99.24,74.17,5,Medium
2021-07-19,Bhopal,192.6,151.6,20,99.24,74.17,2,Medium
2021-07-20,Lucknow,192.8,150.8,18,99.24,74.17,2,High
2021-07-21,Lucknow,192.0,150.8,25,99.24,74.17,4,Low
2021-07-22,Jaipur,191.4,150.2,18,99.24,74.17,3,Low
2021-07-23,Mumbai,192.4,149.7,18,99.24,74.17,5,Medium
2021-07-24,Delhi,191.9,149.9,20,99.24,74.17,5,Low
2021-07-25,Jaipur,193.0,149.7,22,99.24,74.17,3,Medium
2021-07-26,Mumbai,192.7,150.5,18,99.24,74.17,1,Low
2021-07-27,Delhi,193.3,151.1,22,99.24,74.17,4,High
2021-07-28,Lucknow,193.3,150.4,25,99.24,74.17,1,Medium
2021-07-29,Lucknow,193.5,150.2,25,99.24,74.17,4,High
2021-07-30,Bhopal,192.7,150.5,18,99.24,74.17,1,Low
2021-07-31,Mumbai,193.0,151.6,25,99.24,74.17,3,Low
2021-08-01,Jaipur,192.6,152.7,20,99.24,74.17,3,Low
2021-08-02,Bhopal,192.8,153.7,22,99.24,74.17,2,Low
2021-08-03,Bhopal,194.2,153.4,20,99.24,74.17,4,Medium
2021-08-04,Jaipur,193.8,153.7,25,99.24,74.17,4,Medium
2021-08-05,Mumbai,194.0,154.0,25,99.24,74.17,2,High
2021-08-06,Bhopal,194.8,154.2,20,99.24,74.17,5,Low
2021-08-07,Mumbai,195.6,154.3,22,99.24,74.17,3,Low
2021-08-08,Lucknow,196.7,154.4,18,99.24,74.17,4,Low
2021-08-09,Jaipur,196.4,153.9,22,99.24,74.17,4,Medium
2021-08-10,Mumbai,196.3,153.5,25,99.24,74.17,2,High
2021-08-11,Delhi,195.7,153.1,25,99.24,74.17,5,Low
2021-08-12,Delhi,194.8,153.9,20,99.24,74.17,2,High
2021-08-13,Lucknow,195.4,153.8,20,99.24,74.17,4,Low
2021-08-14,Mumbai,194.6,153.5,18,99.24,74.17,4,High
2021-08-15,Delhi,195.1,153.5,25,99.24,74.17,1,Low
2021-08-16,Mumbai,195.0,153.6,25,99.24,74.17,2,Medium
2021-08-17,Delhi,195.0,153.9,25,99.24,74.17,2,High
2021-08-18,Delhi,195.4,153.6,25,99.24,74.17,3,Low
2021-08-19,Mumbai,196.5,153.2,18,99.24,74.17,3,Low
2021-08-20,Jaipur,195.9,154.1,18,99.24,74.17,2,High
2021-08-21,Bhopal,197.3,153.3,25,99.24,74.17,1,Low
2021-08-22,Delhi,196.4,153.2,25,99.24,74.17,2,Medium
2021-08-23,Delhi,196.3,153.0,18,99.24,74.17,3,Low
2021-08-24,Jaipur,197.5,154.0,25,99.24,74.17,5,Medium
2021-08-25,Delhi,198.9,155.0,20,99.24,74.17,3,Medium
2021-08-26,Delhi,199.4,154.6,22,99.24,74.17,3,Medium
2021-08-27,Bhopal,200.7,154.0,25,99.24,74.17,4,Low
2021-08-28,Lucknow,200.6,154.8,18,99.24,74.17,5,High
2021-08-29,Jaipur,200.3,155.4,18,99.24,74.17,1,High
2021-08-30,Jaipur,199.3,155.0,18,99.24,74.17,5,Low
2021-08-31,Bhopal,200.2,155.9,20,99.24,74.17,3,Low
2021-09-01,Lucknow,199.7,155.9,20,99.24,74.17,4,High
2021-09-02,Lucknow,200.7,155.7,22,99.24,74.17,3,Medium
2021-09-03,Lucknow,201.2,156.1,18,99.24,74.17,1,Medium
2021-09-04,Mumbai,201.4,156.8,18,99.24,74.17,3,Low
2021-09-05,Lucknow,202.3,156.4,18,99.24,74.17,4,Low
2021-09-06,Lucknow,202.5,157.4,22,99.24,74.17,4,Medium
2021-09-07,Jaipur,202.8,157.1,18,99.24,74.17,2,Low
2021-09-08,Delhi,203.5,156.5,18,99.24,74.17,1,Low
2021-09-09,Jaipur,203.1,157.4,22,99.24,74.17,1,Low
2021-09-10,Mumbai,204.0,157.4,25,99.24,74.17,5,Low
2021-09-11,Mumbai,203.2,157.9,25,99.24,74.17,1,Low
2021-09-12,Mumbai,202.6,158.6,22,99.24,74.17,3,Medium
2021-09-13,Delhi,202.2,158.9,20,99.24,74.17,5,Medium
2021-09-14,Delhi,201.6,160.0,18,99.24,74.17,5,Low
2021-09-15,Mumbai,201.4,161.1,25,99.24,74.17,1,Medium
2021-09-16,Mumbai,201.1,161.4,22,99.24,74.17,2,Medium
2021-09-17,Lucknow,201.7,161.8,22,99.24,74.17,3,High
2021-09-18,Bhopal,202.7,161.8,20,99.24,74.17,5,Medium
2021-09-19,Mumbai,202.4,162.2,22,99.24,74.17,1,High
2021-09-20,Bhopal,201.9,162.1,20,99.24,74.17,2,Low
2021-09-21,Jaipur,201.5,161.9,22,99.24,74.17,3,Low
2021-09-22,Jaipur,200.9,163.0,25,99.24,74.17,5,High
2021-09-23,Jaipur,201.5,162.8,20,99.24,74.17,1,Medium
2021-09-24,Lucknow,201.7,163.2,20,99.24,74.17,2,Low
2021-09-25,Lucknow,201.7,164.2,18,99.24,74.17,3,Medium
2021-09-26,Delhi,201.8,165.0,18,99.24,74.17,1,Medium
2021-09-27,Delhi,201.6,164.7,20,99.24,74.17,3,Medium
2021-09-28,Bhopal,202.3,165.4,22,99.24,74.17,5,Medium
2021-09-29,Jaipur,201.6,165.7,22,99.24,74.17,1,High
2021-09-30,Bhopal,201.4,164.9,20,99.24,74.17,2,Medium
2021-10-01,Lucknow,201.9,164.9,18,99.24,74.17,5,Medium
2021-10-02,Lucknow,202.0,164.1,20,99.24,74.17,1,Low
2021-10-03,Delhi,201.7,165.2,18,99.24,74.17,1,High
2021-10-04,Jaipur,202.1,164.9,18,99.24,74.17,4,Medium
2021-10-05,Bhopal,202.0,165.4,22,99.24,74.17,2,Medium
2021-10-06,Bhopal,201.6,165.0,25,99.24,74.17,3,Medium
2021-10-07,Delhi,202.2,165.6,18,99.24,74.17,5,Low
2021-10-08,Jaipur,202.6,165.1,22,99.24,74.17,5,Low
2021-10-09,Bhopal,203.3,164.8,25,99.24,74.17,1,Medium
2021-10-10,Mumbai,202.6,165.4,20,99.24,74.17,1,Low
2021-10-11,Bhopal,201.9,166.5,18,99.24,74.17,2,Medium
2021-10-12,Bhopal,203.2,166.1,25,99.24,74.17,3,High
2021-10-13,Mumbai,203.8,165.9,25,99.24,74.17,1,Medium
2021-10-14,Jaipur,203.2,165.5,25,99.24,74.17,2,Medium
2021-10-15,Mumbai,203.5,166.2,25,99.24,74.17,3,Low
2021-10-16,Lucknow,204.4,166.0,22,99.24,74.17,2,High
2021-10-17,Delhi,205.4,165.3,18,99.24,74.17,5,Medium
2021-10-18,Delhi,204.7,165.8,25,99.24,74.17,1,Medium
2021-10-19,Mumbai,204.9,165.2,20,99.24,74.17,1,Medium
2021-10-20,Bhopal,205.7,166.1,25,99.24,74.17,1,Medium
2021-10-21,Mumbai,206.3,166.9,22,99.24,74.17,3,Medium
2021-10-22,Mumbai,206.6,167.0,18,99.24,74.17,5,High
2021-10-23,Jaipur,207.5,167.1,22,99.24,74.17,2,Medium
2021-10-24,Mumbai,208.3,167.4,22,99.24,74.17,1,Low
2021-10-25,Delhi,207.4,166.6,22,99.24,74.17,2,High
2021-10-26,Lucknow,207.4,166.5,20,99.24,74.17,4,High
2021-10-27,Bhopal,207.4,167.5,22,99.24,74.17,4,High
2021-10-28,Jaipur,208.8,167.7,18,99.24,74.17,5,High
2021-10-29,Lucknow,210.1,167.3,22,99.24,74.17,4,High
2021-10-30,Delhi,210.6,167.8,20,99.24,74.17,5,Medium
2021-10-31,Jaipur,211.9,168.6,20,99.24,74.17,5,Medium
2021-11-01,Lucknow,212.8,169.5,18,99.24,74.17,2,Medium
2021-11-02,Delhi,212.1,169.9,25,99.24,74.17,1,Low
2021-11-03,Jaipur,212.8,170.3,22,99.24,74.17,5,High
2021-11-04,Bhopal,213.0,170.0,25,99.24,74.17,2,Medium
2021-11-05,Delhi,212.2,169.5,20,99.24,74.17,5,High
2021-11-06,Mumbai,211.7,170.1,20,99.24,74.17,2,Low
2021-11-07,Bhopal,212.8,170.7,18,99.24,74.17,1,Medium
2021-11-08,Delhi,212.7,169.9,25,99.24,74.17,3,Low
2021-11-09,Mumbai,214.1,170.4,25,99.24,74.17,3,Medium
2021-11-10,Delhi,214.6,170.1,18,99.24,74.17,3,Medium
2021-11-11,Lucknow,214.5,169.6,25,99.24,74.17,5,Medium
2021-11-12,Bhopal,213.8,169.2,18,99.24,74.17,3,High
2021-11-13,Lucknow,213.2,168.8,18,99.24,74.17,1,Low
2021-11-14,Lucknow,214.6,168.9,25,99.24,74.17,2,Medium
2021-11-15,Jaipur,213.7,169.8,20,99.24,74.17,2,High
2021-11-16,Bhopal,214.4,170.1,25,99.24,74.17,1,Medium
2021-11-17,Mumbai,215.1,169.9,25,99.24,74.17,2,Medium
2021-11-18,Delhi,215.1,169.7,18,99.24,74.17,3,Low
2021-11-19,Lucknow,215.6,169.1,18,99.24,74.17,5,High
2021-11-20,Jaipur,215.1,168.9,25,99.24,74.17,5,High
2021-11-21,Delhi,215.6,169.3,22,99.24,74.17,3,Low
2021-11-22,Delhi,214.7,169.6,18,99.24,74.17,2,High
2021-11-23,Jaipur,215.5,169.9,18,99.24,74.17,5,Medium
2021-11-24,Delhi,216.1,170.2,25,99.24,74.17,3,High
2021-11-25,Delhi,216.0,169.9,18,99.24,74.17,1,Low
2021-11-26,Jaipur,215.3,170.4,20,99.24,74.17,2,Medium
2021-11-27,Bhopal,215.1,171.1,20,99.24,74.17,4,Low
2021-11-28,Jaipur,214.9,171.9,20,99.24,74.17,5,Medium
2021-11-29,Mumbai,214.7,171.1,25,99.24,74.17,1,Medium
2021-11-30,Delhi,215.8,170.7,25,99.24,74.17,2,Low
2021-12-01,Jaipur,214.9,170.5,20,99.24,74.17,2,High
2021-12-02,Bhopal,215.8,170.0,22,99.24,74.17,2,Low
2021-12-03,Jaipur,217.2,170.8,22,99.24,74.17,3,Medium
2021-12-04,Lucknow,217.0,171.5,25,99.24,74.17,1,High
2021-12-05,Bhopal,216.8,172.1,25,99.24,74.17,3,Low
2021-12-06,Delhi,216.0,172.1,20,99.24,74.17,3,Medium
2021-12-07,Bhopal,217.0,171.8,20,99.24,74.17,2,High
2021-12-08,Jaipur,216.6,172.3,18,99.24,74.17,1,Medium
2021-12-09,Jaipur,217.8,172.1,18,99.24,74.17,1,Medium
2021-12-10,Delhi,217.3,172.2,20,99.24,74.17,2,High
2021-12-11,Lucknow,217.7,173.1,18,99.24,74.17,2,High
2021-12-12,Jaipur,218.1,174.0,25,99.24,74.17,3,Medium
2021-12-13,Lucknow,218.6,174.7,22,99.24,74.17,3,Medium
2021-12-14,Mumbai,219.2,174.5,18,99.24,74.17,4,Medium
2021-12-15,Delhi,219.0,175.2,25,99.24,74.17,4,High
2021-12-16,Jaipur,220.3,174.8,22,99.24,74.17,3,High
2021-12-17,Jaipur,220.3,175.1,18,99.24,74.17,4,Low
2021-12-18,Mumbai,219.9,175.7,25,99.24,74.17,3,High
2021-12-19,Delhi,221.3,175.3,25,99.24,74.17,2,High
2021-12-20,Lucknow,221.9,175.0,25,99.24,74.17,1,Medium
2021-12-21,Bhopal,221.3,175.4,18,99.24,74.17,1,Medium
2021-12-22,Delhi,221.3,175.7,18,99.24,74.17,5,Medium
2021-12-23,Mumbai,220.4,176.7,18,99.24,74.17,3,Medium
2021-12-24,Jaipur,219.9,177.0,25,99.24,74.17,4,Low
2021-12-25,Delhi,219.0,177.0,20,99.24,74.17,1,High
2021-12-26,Bhopal,219.5,176.2,25,99.24,74.17,3,Medium
2021-12-27,Bhopal,218.6,176.3,18,99.24,74.17,5,Medium
2021-12-28,Delhi,218.3,175.8,25,99.24,74.17,5,Low
2021-12-29,Bhopal,219.3,176.4,25,99.24,74.17,2,Medium
2021-12-30,Delhi,220.1,176.1,18,99.24,74.17,4,Low
2021-12-31,Jaipur,219.6,176.8,22,99.24,74.17,5,Low
2022-01-01,Lucknow,219.8,177.7,25,99.24,74.17,1,Medium
2022-01-02,Delhi,219.0,177.9,22,99.24,74.17,3,Medium
2022-01-03,Jaipur,219.8,177.2,22,99.24,74.17,5,Medium
2022-01-04,Mumbai,220.8,177.2,18,99.24,74.17,2,Medium
2022-01-05,Bhopal,220.2,176.7,20,99.24,74.17,1,High
2022-01-06,Bhopal,220.5,176.7,20,99.24,74.17,1,High
2022-01-07,Lucknow,220.3,177.7,22,99.24,74.17,3,Medium
2022-01-08,Delhi,221.2,177.5,22,99.24,74.17,4,Medium
2022-01-09,Jaipur,222.6,177.4,25,99.24,74.17,3,High
2022-01-10,Mumbai,223.7,176.9,22,99.24,74.17,3,Low
2022-01-11,Delhi,223.2,176.4,22,99.24,74.17,1,Medium
2022-01-12,Jaipur,222.6,175.9,18,99.24,74.17,1,Medium
2022-01-13,Lucknow,224.0,176.8,18,99.24,74.17,1,Medium
2022-01-14,Mumbai,224.4,177.0,20,99.24,74.17,1,Low
2022-01-15,Bhopal,223.8,176.3,18,99.24,74.17,1,Medium
2022-01-16,Mumbai,223.2,177.1,18,99.24,74.17,5,Medium
2022-01-17,Mumbai,223.6,177.1,22,99.24,74.17,2,Low
2022-01-18,Mumbai,223.0,176.3,22,99.24,74.17,3,High
2022-01-19,Mumbai,222.5,177.0,25,99.24,74.17,2,Medium
2022-01-20,Delhi,222.0,176.6,22,99.24,74.17,3,Medium
2022-01-21,Delhi,221.2,176.3,22,99.24,74.17,1,Low
2022-01-22,Jaipur,220.3,176.1,25,99.24,74.17,3,Low
2022-01-23,Lucknow,220.6,176.1,18,99.24,74.17,2,High
2022-01-24,Delhi,219.8,176.8,18,99.24,74.17,4,Medium
2022-01-25,Lucknow,219.1,177.8,20,99.24,74.17,5,High
2022-01-26,Bhopal,220.2,177.3,22,99.24,74.17,1,High
2022-01-27,Bhopal,220.8,176.6,18,99.24,74.17,5,Medium
2022-01-28,Mumbai,219.8,176.5,18,99.24,74.17,3,Low
2022-01-29,Jaipur,220.2,176.1,18,99.24,74.17,1,High
2022-01-30,Jaipur,219.2,176.2,20,99.24,74.17,5,Medium
2022-01-31,Mumbai,219.0,175.5,22,99.24,74.17,5,Medium
2022-02-01,Jaipur,220.1,175.1,25,99.24,74.17,5,Medium
2022-02-02,Jaipur,220.6,175.3,25,99.24,74.17,2,Medium
2022-02-03,Bhopal,220.9,176.1,20,99.24,74.17,4,Medium
2022-02-04,Bhopal,221.6,176.8,25,99.24,74.17,2,Medium
2022-02-05,Mumbai,222.7,176.0,25,99.24,74.17,3,Medium
2022-02-06,Delhi,224.1,176.3,22,99.24,74.17,1,Low
2022-02-07,Bhopal,223.2,177.2,18,99.24,74.17,1,Medium
2022-02-08,Jaipur,224.1,177.6,18,99.24,74.17,3,Medium
2022-02-09,Delhi,223.5,178.3,20,99.24,74.17,1,Medium
2022-02-10,Jaipur,224.8,178.1,22,99.24,74.17,1,High
2022-02-11,Jaipur,224.7,179.0,22,99.24,74.17,2,Medium
2022-02-12,Jaipur,225.8,178.6,18,99.24,74.17,2,Low
2022-02-13,Jaipur,225.5,177.8,25,99.24,74.17,3,Low
2022-02-14,Delhi,226.8,178.2,25,99.24,74.17,5,Medium
2022-02-15,Bhopal,226.1,177.5,18,99.24,74.17,2,Medium
2022-02-16,Jaipur,225.5,178.1,18,99.24,74.17,2,High
2022-02-17,Jaipur,226.7,179.1,22,99.24,74.17,4,Low
2022-02-18,Lucknow,226.7,179.7,22,99.24,74.17,5,Low
2022-02-19,Bhopal,227.1,179.9,22,99.24,74.17,5,Low
2022-02-20,Jaipur,226.2,179.9,18,99.24,74.17,4,Low
2022-02-21,Bhopal,225.5,180.9,25,99.24,74.17,5,Medium
2022-02-22,Mumbai,226.5,180.7,25,99.24,74.17,5,Medium
2022-02-23,Delhi,226.8,180.0,25,99.24,74.17,2,High
2022-02-24,Lucknow,226.3,179.6,22,99.24,74.17,5,High
2022-02-25,Lucknow,226.6,178.9,20,99.24,74.17,1,High
2022-02-26,Jaipur,226.3,178.9,18,99.24,74.17,3,Medium
2022-02-27,Mumbai,227.4,178.8,20,99.24,74.17,5,Low
2022-02-28,Mumbai,228.2,178.4,22,99.24,74.17,4,Medium
2022-03-01,Delhi,227.5,178.6,25,99.24,74.17,4,High
2022-03-02,Bhopal,226.8,179.3,25,99.24,74.17,3,Medium
2022-03-03,Jaipur,226.2,179.1,25,99.24,74.17,1,Medium
2022-03-04,Jaipur,225.9,179.4,20,99.24,74.17,4,Low
2022-03-05,Delhi,226.8,179.8,20,99.24,74.17,1,Low
2022-03-06,Mumbai,226.6,179.9,18,99.24,74.17,1,Low
2022-03-07,Jaipur,227.8,180.2,22,99.24,74.17,4,Medium
2022-03-08,Bhopal,226.8,180.7,18,99.24,74.17,2,Low
2022-03-09,Mumbai,227.5,181.7,25,99.24,74.17,2,Medium
2022-03-10,Bhopal,226.9,181.8,22,99.24,74.17,4,Medium
2022-03-11,Mumbai,227.3,182.7,22,99.24,74.17,1,High
2022-03-12,Delhi,227.2,183.4,20,99.24,74.17,4,Medium
2022-03-13,Bhopal,228.0,182.9,22,99.24,74.17,3,Low
2022-03-14,Mumbai,228.3,183.1,20,99.24,74.17,1,Medium
2022-03-15,Jaipur,227.5,184.1,22,99.24,74.17,5,Medium
2022-03-16,Jaipur,228.8,185.0,25,99.24,74.17,5,Medium
2022-03-17,Delhi,228.9,186.0,22,99.24,74.17,5,Medium
2022-03-18,Jaipur,228.0,186.3,18,99.24,74.17,4,Medium
2022-03-19,Lucknow,227.6,186.7,20,99.24,74.17,2,Medium
2022-03-20,Delhi,228.0,186.8,20,99.24,74.17,1,Low
2022-03-21,Mumbai,228.4,187.1,25,99.24,74.17,2,Low
2022-03-22,Jaipur,229.8,187.6,18,99.24,74.17,3,High
2022-03-23,Mumbai,228.8,187.1,20,99.24,74.17,2,Medium
2022-03-24,Lucknow,228.3,186.7,22,99.24,74.17,1,Medium
2022-03-25,Mumbai,227.4,187.5,25,99.24,74.17,5,Low
2022-03-26,Mumbai,228.2,188.1,18,99.24,74.17,2,Medium
2022-03-27,Delhi,228.9,188.3,20,99.24,74.17,5,Low
2022-03-28,Lucknow,228.1,188.9,25,99.24,74.17,3,High
2022-03-29,Lucknow,228.0,189.8,18,99.24,74.17,3,Low
2022-03-30,Jaipur,227.6,190.6,22,99.24,74.17,1,Medium
2022-03-31,Lucknow,228.4,191.1,20,99.24,74.17,3,Low
2022-04-01,Lucknow,228.7,190.9,18,99.24,74.17,1,Low
2022-04-02,Delhi,229.4,190.3,18,99.24,74.17,4,Low
2022-04-03,Bhopal,229.2,190.3,18,99.24,74.17,1,Medium
2022-04-04,Delhi,230.3,190.3,18,99.24,74.17,2,Medium
2022-04-05,Bhopal,229.4,190.5,22,99.24,74.17,4,High
2022-04-06,Bhopal,230.7,190.9,18,99.24,74.17,5,Medium
2022-04-07,Lucknow,231.5,191.8,25,99.24,74.17,1,High
2022-04-08,Lucknow,232.3,191.9,20,99.24,74.17,2,High
2022-04-09,Mumbai,233.1,191.7,18,99.24,74.17,4,High
2022-04-10,Delhi,233.8,191.3,20,99.24,74.17,5,High
2022-04-11,Jaipur,233.7,192.1,20,99.24,74.17,3,High
2022-04-12,Delhi,234.7,192.1,25,99.24,74.17,2,Medium
2022-04-13,Delhi,236.0,193.1,22,99.24,74.17,1,High
2022-04-14,Mumbai,236.3,192.6,20,99.24,74.17,4,High
2022-04-15,Bhopal,237.5,193.6,25,99.24,74.17,4,High
2022-04-16,Bhopal,236.6,193.5,20,99.24,74.17,4,High
2022-04-17,Delhi,237.1,194.2,22,99.24,74.17,3,Medium
2022-04-18,Lucknow,236.7,194.3,18,99.24,74.17,5,High
2022-04-19,Bhopal,236.9,194.4,25,99.24,74.17,5,Medium
2022-04-20,Jaipur,238.3,193.8,18,99.24,74.17,4,Low
2022-04-21,Bhopal,237.5,193.7,18,99.24,74.17,5,High
2022-04-22,Mumbai,238.0,194.4,18,99.24,74.17,2,High
2022-04-23,Lucknow,239.2,195.1,18,99.24,74.17,3,High
2022-04-24,Delhi,239.8,194.8,18,99.24,74.17,1,Medium
2022-04-25,Delhi,239.2,194.2,20,99.24,74.17,3,Low
2022-04-26,Lucknow,240.6,193.7,22,99.24,74.17,1,High
2022-04-27,Jaipur,241.3,194.5,25,99.24,74.17,5,Medium
2022-04-28,Lucknow,240.4,195.0,20,99.24,74.17,5,High
2022-04-29,Mumbai,239.5,196.1,25,99.24,74.17,2,Medium
2022-04-30,Delhi,238.8,196.4,20,99.24,74.17,2,Low
2022-05-01,Mumbai,239.4,197.5,25,99.24,74.17,1,Medium
2022-05-02,Jaipur,240.8,196.9,22,99.24,74.17,1,Medium
2022-05-03,Delhi,242.1,197.2,18,99.24,74.17,1,High
2022-05-04,Mumbai,241.4,196.8,20,99.24,74.17,2,Low
2022-05-05,Mumbai,242.0,197.4,20,99.24,74.17,2,High
2022-05-06,Bhopal,242.8,198.1,25,99.24,74.17,5,High
2022-05-07,Lucknow,243.1,199.1,20,99.24,74.17,2,Medium
2022-05-08,Lucknow,243.2,200.2,18,99.24,74.17,1,Low
2022-05-09,Delhi,243.0,200.6,25,99.24,74.17,3,Low
2022-05-10,Jaipur,242.0,201.4,25,99.24,74.17,2,High
2022-05-11,Lucknow,241.0,201.8,18,99.24,74.17,2,High
2022-05-12,Delhi,241.4,201.2,25,99.24,74.17,2,Medium
2022-05-13,Jaipur,241.0,201.0,20,99.24,74.17,2,High
2022-05-14,Mumbai,241.1,200.2,20,99.24,74.17,4,High
2022-05-15,Lucknow,240.7,199.7,20,99.24,74.17,1,Medium
2022-05-16,Lucknow,242.0,199.2,20,99.24,74.17,3,High
2022-05-17,Jaipur,242.8,198.7,22,99.24,74.17,2,Low
2022-05-18,Mumbai,242.4,198.2,22,99.24,74.17,3,High
2022-05-19,Mumbai,243.6,198.1,18,99.24,74.17,1,Medium
2022-05-20,Lucknow,243.7,197.3,20,99.24,74.17,4,Low
2022-05-21,Mumbai,243.9,197.3,18,99.24,74.17,1,High
2022-05-22,Mumbai,243.9,196.6,18,99.24,74.17,4,Medium
2022-05-23,Lucknow,243.1,197.0,18,99.24,74.17,1,Medium
2022-05-24,Mumbai,243.7,197.9,22,99.24,74.17,3,High
2022-05-25,Lucknow,244.5,198.4,20,99.24,74.17,4,Medium
2022-05-26,Jaipur,244.4,197.6,25,99.24,74.17,4,Medium
2022-05-27,Mumbai,245.1,198.2,25,99.24,74.17,2,High
2022-05-28,Bhopal,245.0,197.4,25,99.24,74.17,2,High
2022-05-29,Delhi,246.1,197.6,22,99.24,74.17,3,Low
2022-05-30,Delhi,247.1,197.0,18,99.24,74.17,4,High
2022-05-31,Mumbai,248.2,197.2,22,99.24,74.17,2,High
2022-06-01,Jaipur,248.0,197.7,18,99.24,74.17,4,Low
2022-06-02,Bhopal,247.8,197.6,22,99.24,74.17,4,Low
2022-06-03,Mumbai,248.6,198.0,20,99.24,74.17,1,Medium
2022-06-04,Jaipur,249.7,198.1,20,99.24,74.17,3,Medium
2022-06-05,Lucknow,250.8,199.0,18,99.24,74.17,2,High
2022-06-06,Delhi,251.5,198.7,18,99.24,74.17,3,Medium
2022-06-07,Mumbai,252.0,198.2,25,99.24,74.17,2,Low
2022-06-08,Jaipur,253.1,198.8,20,99.24,74.17,4,Medium
2022-06-09,Delhi,252.1,199.9,20,99.24,74.17,1,High
2022-06-10,Mumbai,251.1,200.0,20,99.24,74.17,5,Medium
2022-06-11,Jaipur,251.0,200.8,18,99.24,74.17,1,High
2022-06-12,Bhopal,251.3,201.8,20,99.24,74.17,2,Medium
2022-06-13,Mumbai,252.5,201.6,22,99.24,74.17,2,High
2022-06-14,Jaipur,253.2,202.6,18,99.24,74.17,3,High
2022-06-15,Bhopal,253.9,202.7,25,99.24,74.17,4,Medium
2022-06-16,Mumbai,255.0,202.1,25,99.24,74.17,2,Low
2022-06-17,Bhopal,254.5,203.0,20,99.24,74.17,4,Medium
2022-06-18,Bhopal,254.0,203.6,22,99.24,74.17,1,Low
2022-06-19,Delhi,254.2,204.1,25,99.24,74.17,5,High
2022-06-20,Mumbai,253.2,204.7,18,99.24,74.17,4,High
2022-06-21,Mumbai,253.8,204.9,20,99.24,74.17,3,High
2022-06-22,Mumbai,254.7,205.7,22,99.24,74.17,2,Low
2022-06-23,Lucknow,254.5,206.0,20,99.24,74.17,4,Medium
2022-06-24,Jaipur,255.9,207.1,22,99.24,74.17,3,Low
2022-06-25,Lucknow,255.2,207.8,20,99.24,74.17,4,Low
2022-06-26,Mumbai,255.1,207.9,18,99.24,74.17,5,High
2022-06-27,Lucknow,256.0,208.7,18,99.24,74.17,2,Medium
2022-06-28,Mumbai,255.5,208.9,25,99.24,74.17,4,High
2022-06-29,Lucknow,256.2,208.2,25,99.24,74.17,1,Medium
2022-06-30,Mumbai,255.9,208.5,22,99.24,74.17,1,Medium
2022-07-01,Delhi,255.5,208.5,25,99.24,74.17,5,Medium
2022-07-02,Delhi,254.8,208.5,22,99.24,74.17,5,Low
2022-07-03,Jaipur,255.9,208.1,18,99.24,74.17,1,High
2022-07-04,Bhopal,257.3,208.7,25,99.24,74.17,2,Low
2022-07-05,Jaipur,257.3,209.1,20,99.24,74.17,2,Medium
2022-07-06,Mumbai,256.4,209.5,22,99.24,74.17,1,Medium
2022-07-07,Lucknow,257.6,210.6,20,99.24,74.17,3,High
2022-07-08,Bhopal,257.8,211.5,18,99.24,74.17,4,High
2022-07-09,Delhi,257.5,212.2,20,99.24,74.17,3,Medium
2022-07-10,Bhopal,258.9,211.8,25,99.24,74.17,4,Medium
2022-07-11,Lucknow,259.2,212.0,18,99.24,74.17,4,High
2022-07-12,Bhopal,258.4,212.2,18,99.24,74.17,4,Medium
2022-07-13,Lucknow,258.1,211.6,22,99.24,74.17,3,Medium
2022-07-14,Delhi,257.6,211.1,22,99.24,74.17,2,Medium
2022-07-15,Jaipur,257.8,212.2,25,99.24,74.17,3,Medium
2022-07-16,Lucknow,257.6,212.4,22,99.24,74.17,3,Low
2022-07-17,Bhopal,258.1,211.7,18,99.24,74.17,3,High
2022-07-18,Mumbai,259.1,212.4,18,99.24,74.17,2,High
2022-07-19,Jaipur,259.0,211.7,22,99.24,74.17,4,Low
2022-07-20,Delhi,260.2,212.2,18,99.24,74.17,5,Medium
2022-07-21,Bhopal,261.1,212.9,18,99.24,74.17,2,High
2022-07-22,Delhi,260.4,213.7,20,99.24,74.17,5,Medium
2022-07-23,Delhi,261.7,214.8,20,99.24,74.17,2,Medium
2022-07-24,Jaipur,262.6,215.5,20,99.24,74.17,5,High
2022-07-25,Lucknow,261.6,215.2,25,99.24,74.17,4,Medium
2022-07-26,Jaipur,261.5,216.1,20,99.24,74.17,3,High
2022-07-27,Mumbai,260.7,216.9,22,99.24,74.17,2,Low
2022-07-28,Lucknow,260.9,216.1,22,99.24,74.17,1,Medium
2022-07-29,Mumbai,261.6,216.5,20,99.24,74.17,5,Low
2022-07-30,Jaipur,261.0,217.2,18,99.24,74.17,1,Medium
2022-07-31,Jaipur,260.1,217.4,18,99.24,74.17,3,Medium
2022-08-01,Mumbai,259.9,217.3,18,99.24,74.17,1,High
2022-08-02,Delhi,260.6,216.7,22,99.24,74.17,4,Medium
2022-08-03,Delhi,261.5,217.6,25,99.24,74.17,2,High
2022-08-04,Bhopal,261.0,217.6,22,99.24,74.17,4,Low
2022-08-05,Bhopal,260.9,217.9,25,99.24,74.17,2,Medium
2022-08-06,Mumbai,261.6,217.2,25,99.24,74.17,3,Medium
2022-08-07,Jaipur,262.2,217.9,20,99.24,74.17,1,Low
2022-08-08,Mumbai,262.3,217.6,18,99.24,74.17,5,Low
2022-08-09,Jaipur,263.2,217.5,25,99.24,74.17,2,Low
2022-08-10,Delhi,264.2,216.9,22,99.24,74.17,3,Low
2022-08-11,Lucknow,264.6,216.5,20,99.24,74.17,1,High
2022-08-12,Delhi,263.6,216.9,22,99.24,74.17,1,High
2022-08-13,Delhi,264.6,216.9,25,99.24,74.17,5,High
2022-08-14,Mumbai,265.2,216.3,18,99.24,74.17,2,High
2022-08-15,Lucknow,266.1,216.4,25,99.24,74.17,5,Medium
2022-08-16,Bhopal,265.6,216.5,25,99.24,74.17,3,Low
2022-08-17,Lucknow,265.0,217.1,25,99.24,74.17,4,Low
2022-08-18,Lucknow,265.4,216.5,25,99.24,74.17,1,Medium
2022-08-19,Lucknow,266.7,217.5,20,99.24,74.17,5,Low
2022-08-20,Jaipur,266.7,216.7,25,99.24,74.17,4,Medium
2022-08-21,Mumbai,267.9,216.6,18,99.24,74.17,4,Low
2022-08-22,Delhi,268.4,217.0,20,99.24,74.17,2,Medium
2022-08-23,Lucknow,269.2,217.0,22,99.24,74.17,4,High
2022-08-24,Lucknow,270.2,217.8,22,99.24,74.17,3,Low
2022-08-25,Mumbai,271.0,218.4,25,99.24,74.17,5,Medium
2022-08-26,Delhi,270.0,218.7,25,99.24,74.17,2,Medium
2022-08-27,Lucknow,269.8,218.1,20,99.24,74.17,5,High
2022-08-28,Jaipur,270.8,217.7,25,99.24,74.17,1,Low
2022-08-29,Jaipur,270.3,218.1,20,99.24,74.17,3,Low
2022-08-30,Lucknow,271.5,217.7,18,99.24,74.17,2,High
2022-08-31,Jaipur,270.6,217.8,20,99.24,74.17,2,Medium
2022-09-01,Lucknow,271.2,217.4,20,99.24,74.17,1,Medium
2022-09-02,Bhopal,271.3,216.7,20,99.24,74.17,5,High
2022-09-03,Mumbai,270.4,216.4,25,99.24,74.17,2,Low
2022-09-04,Delhi,269.5,215.8,22,99.24,74.17,5,Low
2022-09-05,Delhi,270.2,215.4,18,99.24,74.17,2,Low
2022-09-06,Lucknow,269.3,216.2,25,99.24,74.17,4,Medium
2022-09-07,Lucknow,269.5,217.3,22,99.24,74.17,3,High
2022-09-08,Delhi,268.9,217.2,25,99.24,74.17,1,Low
2022-09-09,Jaipur,269.5,218.1,25,99.24,74.17,2,Medium
2022-09-10,Lucknow,269.7,218.6,22,99.24,74.17,3,Medium
2022-09-11,Bhopal,270.8,219.2,18,99.24,74.17,2,High
2022-09-12,Jaipur,271.4,219.9,22,99.24,74.17,5,Low
2022-09-13,Jaipur,272.6,219.8,22,99.24,74.17,3,Low
2022-09-14,Bhopal,273.1,219.3,18,99.24,74.17,1,High
2022-09-15,Mumbai,272.8,220.4,18,99.24,74.17,3,High
2022-09-16,Jaipur,273.8,221.2,22,99.24,74.17,1,Low
2022-09-17,Bhopal,274.9,221.7,22,99.24,74.17,2,Medium
2022-09-18,Bhopal,275.0,221.9,18,99.24,74.17,2,Low
2022-09-19,Mumbai,274.9,221.8,22,99.24,74.17,5,Medium
2022-09-20,Delhi,274.7,222.9,25,99.24,74.17,5,Low
2022-09-21,Bhopal,274.9,223.8,20,99.24,74.17,4,Low
2022-09-22,Jaipur,274.0,224.3,20,99.24,74.17,1,High
2022-09-23,Jaipur,273.8,224.8,20,99.24,74.17,5,High
2022-09-24,Mumbai,273.4,224.9,20,99.24,74.17,5,Medium
2022-09-25,Bhopal,273.8,225.8,18,99.24,74.17,1,High
2022-09-26,Mumbai,273.8,226.7,18,99.24,74.17,2,Medium
2022-09-27,Mumbai,274.4,226.7,20,99.24,74.17,1,Low
2022-09-28,Mumbai,274.5,227.0,18,99.24,74.17,4,Medium
2022-09-29,Bhopal,274.1,227.2,20,99.24,74.17,5,Medium
2022-09-30,Bhopal,275.4,228.3,20,99.24,74.17,4,Medium
2022-10-01,Delhi,274.7,228.7,25,99.24,74.17,4,High
2022-10-02,Jaipur,275.6,229.6,20,99.24,74.17,5,Low
2022-10-03,Jaipur,276.6,229.8,25,99.24,74.17,1,High
2022-10-04,Jaipur,276.3,230.1,20,99.24,74.17,5,High
2022-10-05,Mumbai,277.6,230.5,25,99.24,74.17,5,Medium
2022-10-06,Bhopal,278.5,231.6,25,99.24,74.17,2,Medium
2022-10-07,Bhopal,279.5,231.6,20,99.24,74.17,3,High
2022-10-08,Bhopal,279.1,232.1,22,99.24,74.17,2,Medium
2022-10-09,Jaipur,280.2,232.2,20,99.24,74.17,2,High
2022-10-10,Jaipur,280.8,231.6,25,99.24,74.17,2,Medium
2022-10-11,Jaipur,280.7,232.2,22,99.24,74.17,5,High
2022-10-12,Lucknow,280.8,231.7,20,99.24,74.17,4,Medium
2022-10-13,Lucknow,280.8,232.3,18,99.24,74.17,4,Medium
2022-10-14,Mumbai,281.8,232.0,20,99.24,74.17,3,Medium
2022-10-15,Mumbai,281.7,232.9,25,99.24,74.17,2,Medium
2022-10-16,Bhopal,281.1,233.8,25,99.24,74.17,4,Medium
2022-10-17,Lucknow,281.9,234.4,25,99.24,74.17,3,Medium
2022-10-18,Mumbai,282.6,233.7,25,99.24,74.17,1,Medium
2022-10-19,Mumbai,282.1,233.3,22,99.24,74.17,2,Medium
2022-10-20,Delhi,282.1,233.6,18,99.24,74.17,1,High
2022-10-21,Delhi,283.3,234.6,25,99.24,74.17,1,Medium
2022-10-22,Mumbai,282.7,234.4,20,99.24,74.17,1,Low
2022-10-23,Lucknow,284.0,235.4,22,99.24,74.17,4,Low
2022-10-24,Delhi,283.9,235.6,25,99.24,74.17,1,Medium
2022-10-25,Delhi,283.6,236.4,25,99.24,74.17,3,Low
2022-10-26,Delhi,284.2,235.7,18,99.24,74.17,1,High
2022-10-27,Lucknow,285.2,235.5,22,99.24,74.17,5,High
2022-10-28,Delhi,286.2,235.9,25,99.24,74.17,2,High
2022-10-29,Jaipur,286.3,235.8,22,99.24,74.17,1,Medium
2022-10-30,Jaipur,286.0,235.8,22,99.24,74.17,2,Medium
2022-10-31,Jaipur,285.7,236.6,20,99.24,74.17,4,High
2022-11-01,Lucknow,286.9,237.2,25,99.24,74.17,2,Low
2022-11-02,Delhi,286.0,236.9,22,99.24,74.17,5,High
2022-11-03,Lucknow,286.6,237.0,25,99.24,74.17,2,Medium
2022-11-04,Lucknow,287.4,236.4,20,99.24,74.17,4,High
2022-11-05,Lucknow,288.1,236.1,18,99.24,74.17,2,Low
2022-11-06,Jaipur,288.5,235.3,20,99.24,74.17,2,Medium
2022-11-07,Mumbai,287.8,235.8,18,99.24,74.17,1,Medium
2022-11-08,Delhi,289.1,235.0,22,99.24,74.17,4,Medium
2022-11-09,Bhopal,289.9,235.9,18,99.24,74.17,1,Medium
2022-11-10,Delhi,288.9,235.8,18,99.24,74.17,3,Low
2022-11-11,Jaipur,288.1,236.7,18,99.24,74.17,4,Medium
2022-11-12,Jaipur,287.8,236.6,22,99.24,74.17,5,High
2022-11-13,Bhopal,287.6,236.1,18,99.24,74.17,4,Medium
2022-11-14,Bhopal,288.5,236.2,22,99.24,74.17,2,Medium
2022-11-15,Mumbai,287.9,236.3,20,99.24,74.17,5,Medium
2022-11-16,Mumbai,287.6,236.1,25,99.24,74.17,4,Low
2022-11-17,Mumbai,289.0,236.8,18,99.24,74.17,1,High
2022-11-18,Mumbai,290.1,236.6,25,99.24,74.17,4,High
2022-11-19,Bhopal,289.4,237.2,18,99.24,74.17,2,Medium
2022-11-20,Lucknow,290.5,237.2,22,99.24,74.17,2,Low
2022-11-21,Delhi,290.9,236.5,25,99.24,74.17,5,High
2022-11-22,Mumbai,292.0,236.2,18,99.24,74.17,5,Low
2022-11-23,Delhi,291.3,236.3,25,99.24,74.17,2,Low
2022-11-24,Delhi,292.3,235.6,20,99.24,74.17,1,High
2022-11-25,Lucknow,292.8,234.9,22,99.24,74.17,1,Medium
2022-11-26,Lucknow,293.2,234.5,20,99.24,74.17,1,Medium
2022-11-27,Lucknow,292.7,234.3,18,99.24,74.17,4,Low
2022-11-28,Mumbai,292.6,235.4,25,99.24,74.17,5,Low
2022-11-29,Jaipur,293.5,235.2,25,99.24,74.17,3,Medium
2022-11-30,Delhi,293.8,235.0,18,99.24,74.17,1,Low
2022-12-01,Bhopal,293.5,235.5,25,99.24,74.17,2,Medium
2022-12-02,Delhi,292.8,234.9,18,99.24,74.17,2,Medium
2022-12-03,Jaipur,293.9,235.7,18,99.24,74.17,2,Medium
2022-12-04,Bhopal,293.0,235.2,22,99.24,74.17,4,High
2022-12-05,Delhi,294.1,235.8,20,99.24,74.17,5,High
2022-12-06,Bhopal,295.2,236.8,25,99.24,74.17,5,Low
2022-12-07,Bhopal,294.8,236.4,18,99.24,74.17,3,Medium
2022-12-08,Lucknow,296.2,237.4,18,99.24,74.17,4,Low
2022-12-09,Delhi,297.5,237.3,18,99.24,74.17,4,Medium
2022-12-10,Delhi,298.5,237.1,25,99.24,74.17,3,Low
2022-12-11,Jaipur,299.9,236.8,22,99.24,74.17,4,Medium
2022-12-12,Mumbai,300.8,237.5,18,99.24,74.17,3,Low
2022-12-13,Jaipur,301.3,237.2,20,99.24,74.17,3,Low
2022-12-14,Mumbai,302.0,237.8,22,99.24,74.17,2,High
2022-12-15,Lucknow,303.1,238.1,18,99.24,74.17,2,Low
2022-12-16,Jaipur,303.4,238.8,25,99.24,74.17,3,High
2022-12-17,Bhopal,302.6,239.9,22,99.24,74.17,1,Medium
2022-12-18,Delhi,301.7,239.1,22,99.24,74.17,5,High
2022-12-19,Delhi,302.5,239.8,22,99.24,74.17,3,Low
2022-12-20,Mumbai,302.0,240.3,25,99.24,74.17,1,Low
2022-12-21,Mumbai,302.0,240.8,25,99.24,74.17,4,High
2022-12-22,Mumbai,301.0,241.5,18,99.24,74.17,2,Medium
2022-12-23,Lucknow,300.3,242.4,20,99.24,74.17,5,Medium
2022-12-24,Bhopal,301.4,243.4,18,99.24,74.17,2,Medium
2022-12-25,Bhopal,301.0,242.9,18,99.24,74.17,3,High
2022-12-26,Delhi,301.2,242.4,22,99.24,74.17,2,High
2022-12-27,Bhopal,301.9,242.8,22,99.24,74.17,5,Medium
2022-12-28,Mumbai,301.8,242.5,22,99.24,74.17,5,Low
2022-12-29,Mumbai,300.8,242.2,18,99.24,74.17,1,High
2022-12-30,Mumbai,300.0,242.0,20,99.24,74.17,2,High
2022-12-31,Bhopal,300.5,242.1,18,99.24,74.17,2,Low
2023-01-01,Bhopal,301.3,242.9,20,99.24,74.17,2,Medium
2023-01-02,Jaipur,301.5,243.1,25,99.24,74.17,1,Medium
2023-01-03,Mumbai,301.7,242.8,20,99.24,74.17,5,Low
2023-01-04,Jaipur,301.9,243.4,22,99.24,74.17,3,Medium
